{
  "items": [
    {
      "name": "Consultar saldo y planes contratados",
      "description": "Consulta tu saldo y planes contratados, todo a la vez",
      "icon": "attach_money",
      "type": "code",
      "fields": [],
      "code": "*222#"
    },
    {
      "name": "Consultar bono",
      "description": "Consulta el estado de tu bono (Ej: El bono .cu)",
      "icon": "star_border",
      "type": "code",
      "fields": [],
      "code": "*222*266#"
    },
    {
      "name": "Asterisco 99",
      "description": "Llamada con pago revertido",
      "icon": "call",
      "type": "code",
      "fields": [
        {
          "name": "telefono",
          "type": "phone_number"
        }
      ],
      "code": "*99{telefono}"
    },
    {
      "name": "Gestionar Llamadas",
      "description": "Realiza llamadas de manera fácil",
      "icon": "call",
      "type": "category",
      "items": [
        {
          "name": "Asterisco 99",
          "description": "Llamada con pago revertido",
          "icon": "call",
          "type": "code",
          "fields": [
            {
              "name": "telefono",
              "type": "phone_number"
            }
          ],
          "code": "*99{telefono}"
        },
        {
          "name": "Mi número oculto",
          "description": "Llama sin mostrar tu número",
          "icon": "call",
          "type": "code",
          "fields": [
            {
              "name": "telefono",
              "type": "phone_number"
            }
          ],
          "code": "#31#{telefono}"
        },
        {
          "name": "Números útiles",
          "description": "Ambulancia, Bomberos, Policía, Etc.",
          "icon": "call",
          "type": "category",
          "items": [
            {
              "name": "*2266 - Atención al cliente",
              "description": "",
              "icon": "call",
              "type": "code",
              "fields": [],
              "code": "*2266"
            },
            {
              "name": "103 - Línea Antidrogas",
              "description": "",
              "icon": "call",
              "type": "code",
              "fields": [],
              "code": "103"
            },
            {
              "name": "104 - Ambulancias",
              "description": "",
              "icon": "call",
              "type": "code",
              "fields": [],
              "code": "104"
            },
            {
              "name": "105 - Bomberos",
              "description": "",
              "icon": "call",
              "type": "code",
              "fields": [],
              "code": "105"
            },
            {
              "name": "106 - Policía",
              "description": "",
              "icon": "call",
              "type": "code",
              "fields": [],
              "code": "106"
            },
            {
              "name": "107 - Salvamento Marítimo",
              "description": "",
              "icon": "call",
              "type": "code",
              "fields": [],
              "code": "107"
            },
            {
              "name": "118 - Cubacel Info",
              "description": "",
              "icon": "call",
              "type": "code",
              "fields": [],
              "code": "118"
            }
          ]
        }
      ]
    },
    {
      "name": "Gestionar Saldo",
      "description": "Gestiona el saldo de tu línea",
      "icon": "attach_money",
      "type": "category",
      "items": [
        {
          "name": "Saldo",
          "description": "Consulta tu saldo",
          "icon": "attach_money",
          "type": "code",
          "fields": [],
          "code": "*222#"
        },
        {
          "name": "Recargar",
          "description": "Recarga tu línea fácilmente",
          "icon": "monetization_on",
          "type": "code",
          "fields": [
            {
              "name": "numero tarjeta",
              "type": "card_number"
            }
          ],
          "code": "*662*{numero tarjeta}#"
        },
        {
          "name": "Adelantar Saldo",
          "description": "Recarga con un adelanto de saldo",
          "icon": "monetization_on",
          "type": "category",
          "items": [
            {
              "name": "25 CUP",
              "description": "Adelanta con $1.00 CUC de saldo",
              "icon": "monetization_on",
              "type": "code",
              "fields": [],
              "code": "*234*3*1*1#"
            },
            {
              "name": "50 CUP",
              "description": "Adelanta con $2.00 CUC de saldo",
              "icon": "monetization_on",
              "type": "code",
              "fields": [],
              "code": "*234*3*1*2#"
            }
          ]
        },
        {
          "name": "Transferir Saldo",
          "description": "Transfiere tu saldo",
          "icon": "mobile_screen_share",
          "type": "code",
          "fields": [
            {
              "name": "telefono",
              "type": "phone_number"
            },
            {
              "name": "cantidad",
              "type": "money"
            },
            {
              "name": "clave",
              "type": "key_number"
            }
          ],
          "code": "*234*1*{telefono}*{clave}*{cantidad}#"
        },
        {
          "name": "Cambiar clave",
          "description": "Cambiar clave para transferir saldo",
          "icon": "lock_open",
          "type": "code",
          "fields": [
            {
              "name": "clave_actual",
              "type": "key_number"
            },
            {
              "name": "clave_nueva",
              "type": "key_number"
            }
          ],
          "code": "*234*2*{clave_actual}*{clave_nueva}#"
        },
        {
          "name": "Bono",
          "description": "Consulta el estado de tu bono",
          "icon": "star_border",
          "type": "code",
          "fields": [],
          "code": "*222*266#"
        }
      ]
    },
    {
      "name": "Gestionar Planes",
      "description": "Planes de Datos, Voz, SMS, y Amigo",
      "icon": "shopping_cart",
      "type": "category",
      "items": [
        {
          "name": "Planes Combinados",
          "description": "Gestiona tu plan combinado de Datos+Voz+SMS",
          "icon": "data_usage",
          "type": "category",
          "items": [
            {
              "name": "Consultar saldo y planes contratados",
              "description": "Consulta tu saldo y planes contratados, todo a la vez",
              "icon": "attach_money",
              "type": "code",
              "fields": [],
              "code": "*222#"
            },
            {
              "name": "600 MB + 800 MB solo LTE - $110 CUP",
              "description": "+ 15min VOZ + 20 SMS + 300 MB .cu",
              "icon": "data_usage",
              "type": "code",
              "fields": [],
              "code": "*133*5*1#"
            },
            {
              "name": "1.5 GB + 2 GB solo LTE - $250 CUP",
              "description": "+ 35min VOZ + 40 SMS + 300 MB .cu",
              "icon": "data_usage",
              "type": "code",
              "fields": [],
              "code": "*133*5*2#"
            },
            {
              "name": "3.5 GB + 4.5 GB solo LTE - $500 CUP",
              "description": "+ 75min VOZ + 80 SMS + 300 MB .cu",
              "icon": "data_usage",
              "type": "code",
              "fields": [],
              "code": "*133*5*3#"
            }
          ]
        },
        {
          "name": "Planes de Datos",
          "description": "Gestiona tu plan de datos",
          "icon": "data_usage",
          "type": "category",
          "items": [
            {
              "name": "Megas disponibles",
              "description": "Consulta tus megas disponibles",
              "icon": "data_usage",
              "type": "code",
              "fields": [],
              "code": "*222*328#"
            },
            {
              "name": "Tarifa por consumo",
              "description": "Consumir directo del saldo",
              "icon": "network_cell",
              "type": "category",
              "items": [
                {
                  "name": "Habilitar",
                  "description": "",
                  "icon": "network_cell",
                  "type": "code",
                  "fields": [],
                  "code": "*133*1*1*1#"
                },
                {
                  "name": "Deshabilitar",
                  "description": "",
                  "icon": "network_locked",
                  "type": "code",
                  "fields": [],
                  "code": "*133*1*1*2#"
                }
              ]
            },
            {
              "name": "Bolsa Mensajeria - $25 CUP",
              "description": "Paquete de 600 MB sólo para toDus y correo nauta",
              "icon": "mail",
              "type": "code",
              "fields": [],
              "code": "*133*1*2#"
            },
            {
              "name": "SOLO Líneas USIM con LTE (nuevas)",
              "description": "Paquetes de internet para usuarios que tienen activado el servicio LTE.",
              "icon": "data_usage",
              "type": "category",
              "items": [
                {
                  "name": "Bolsa Diaria - $25 CUP",
                  "description": "200 MB (vence en 24h)",
                  "icon": "data_usage",
                  "type": "code",
                  "fields": [],
                  "code": "*133*1*3#"
                },
                {
                  "name": "1 GB solo LTE - $100 CUP",
                  "description": "+300 MB bono .cu",
                  "icon": "data_usage",
                  "type": "code",
                  "fields": [],
                  "code": "*133*1*4*1#"
                },
                {
                  "name": "2.5 GB solo LTE - $200 CUP",
                  "description": "+300 MB bono .cu",
                  "icon": "data_usage",
                  "type": "code",
                  "fields": [],
                  "code": "*133*1*4*2#"
                },
                {
                  "name": "4 GB + 12 GB solo LTE - $950 CUP",
                  "description": "+300 MB bono .cu",
                  "icon": "data_usage",
                  "type": "code",
                  "fields": [],
                  "code": "*133*1*4*3#"
                }
              ]
            }
          ]
        },
        {
          "name": "Planes de Voz",
          "description": "Gestiona tu plan de voz",
          "icon": "phone_in_talk",
          "type": "category",
          "items": [
            {
              "name": "Saldo",
              "description": "Consulta el tiempo disponible",
              "icon": "phone_in_talk",
              "type": "code",
              "fields": [],
              "code": "*222*869#"
            },
            {
              "name": "5 min",
              "description": "Plan de 5 min por $37.5 CUP ($7.5 por min)",
              "icon": "phone_in_talk",
              "type": "code",
              "fields": [],
              "code": "*133*3*1#"
            },
            {
              "name": "10 min",
              "description": "Plan de 10 min por $72.5 CUP ($7.25 por min)",
              "icon": "phone_in_talk",
              "type": "code",
              "fields": [],
              "code": "*133*3*2#"
            },
            {
              "name": "15 min",
              "description": "Plan de 15 min por $105 CUP ($7 por min)",
              "icon": "phone_in_talk",
              "type": "code",
              "fields": [],
              "code": "*133*3*3#"
            },
            {
              "name": "25 min",
              "description": "Plan de 25 min por $162.5 CUP ($6.5 por min)",
              "icon": "phone_in_talk",
              "type": "code",
              "fields": [],
              "code": "*133*3*4#"
            },
            {
              "name": "40 min",
              "description": "Plan de 40 min por $250 CUP ($6.25 por min)",
              "icon": "phone_in_talk",
              "type": "code",
              "fields": [],
              "code": "*133*3*5#"
            }
          ]
        },
        {
          "name": "Planes de SMS",
          "description": "Gestiona tu plan de SMS",
          "icon": "sms",
          "type": "category",
          "items": [
            {
              "name": "Saldo",
              "description": "Consulta los SMS disponibles",
              "icon": "sms",
              "type": "code",
              "fields": [],
              "code": "*222*767#"
            },
            {
              "name": "20 sms",
              "description": "20 SMS nacionales por $15 CUP",
              "icon": "sms",
              "type": "code",
              "fields": [],
              "code": "*133*2*1#"
            },
            {
              "name": "50 sms",
              "description": "50 SMS nacionales por $30 CUP",
              "icon": "sms",
              "type": "code",
              "fields": [],
              "code": "*133*2*2#"
            },
            {
              "name": "90 sms",
              "description": "90 SMS nacionales por $50 CUP",
              "icon": "sms",
              "type": "code",
              "fields": [],
              "code": "*133*2*3#"
            },
            {
              "name": "120 sms",
              "description": "120 SMS nacionales por $60 CUP",
              "icon": "sms",
              "type": "code",
              "fields": [],
              "code": "*133*2*4#"
            }
          ]
        },
        {
          "name": "Plan amigos",
          "description": "Gestiona tus números amigos",
          "icon": "people",
          "type": "category",
          "items": [
            {
              "name": "Estado",
              "description": "Consulta el estado del plan",
              "icon": "people",
              "type": "code",
              "fields": [],
              "code": "*222*264#"
            },
            {
              "name": "Activar",
              "description": "Activa el plan",
              "icon": "offline_pin",
              "type": "code",
              "fields": [],
              "code": "*133*4*1*1#"
            },
            {
              "name": "Desactivar",
              "description": "Desactiva el plan",
              "icon": "cancel",
              "type": "code",
              "fields": [],
              "code": "*133*4*1*2#"
            },
            {
              "name": "Agregar amigo",
              "description": "Agrega el número de un amigo",
              "icon": "add_circle_outline",
              "type": "code",
              "fields": [
                {
                  "name": "telefono",
                  "type": "phone_number"
                }
              ],
              "code": "*133*4*2*1*{telefono}#"
            },
            {
              "name": "Eliminar amigo",
              "description": "Elimina el número de un amigo",
              "icon": "remove_circle_outline",
              "type": "code",
              "fields": [
                {
                  "name": "telefono",
                  "type": "phone_number"
                }
              ],
              "code": "*133*4*2*2*{telefono}#"
            },
            {
              "name": "Lista de amigos",
              "description": "Consulta tu lista de números amigos",
              "icon": "list",
              "type": "code",
              "fields": [],
              "code": "*133*4*3#"
            }
          ]
        }
      ]
    },
    {
      "name": "Línea corporativa",
      "description": "Consulta el estado tu plan corporativo",
      "icon": "monetization_on",
      "type": "code",
      "fields": [],
      "code": "*111#"
    }
  ]
}
